RegionID,SizeRank,RegionName,RegionType,StateName,BaseDate,2023-02-28,2023-04-30,2024-01-31
102001,0,United States,country,,2023-01-31,-0.1,0.0,0.5
394913,1,"New York, NY",msa,NY,2023-01-31,0.0,0.2,-1.3
753899,2,"Los Angeles, CA",msa,CA,2023-01-31,-1.3,-3.5,-3.3
394463,3,"Chicago, IL",msa,IL,2023-01-31,0.3,0.3,-1.8
394514,4,"Dallas, TX",msa,TX,2023-01-31,-0.4,-0.5,-0.4
394692,5,"Houston, TX",msa,TX,2023-01-31,-0.5,-1.1,-1.6
395209,6,"Washington, DC",msa,VA,2023-01-31,-0.1,-0.3,-2.3
394856,7,"Miami, FL",msa,FL,2023-01-31,-0.1,-0.2,1.2
394974,8,"Philadelphia, PA",msa,PA,2023-01-31,0.2,0.3,-0.2
394347,9,"Atlanta, GA",msa,GA,2023-01-31,-0.3,-0.6,1.3
394976,10,"Phoenix, AZ",msa,AZ,2023-01-31,-0.9,-1.6,-0.2
394404,11,"Boston, MA",msa,MA,2023-01-31,-0.1,-0.2,-1.6
395057,12,"San Francisco, CA",msa,CA,2023-01-31,-0.7,-0.9,-3.2
395025,13,"Riverside, CA",msa,CA,2023-01-31,-0.9,-2.2,-2.2
394532,14,"Detroit, MI",msa,MI,2023-01-31,0.4,0.7,0.4
395078,15,"Seattle, WA",msa,WA,2023-01-31,-0.2,0.1,-0.9
394865,16,"Minneapolis, MN",msa,MN,2023-01-31,-0.2,-0.4,-1.9
395056,17,"San Diego, CA",msa,CA,2023-01-31,-0.5,-0.3,-0.8
395148,18,"Tampa, FL",msa,FL,2023-01-31,-0.4,-0.6,1.7
394530,19,"Denver, CO",msa,CO,2023-01-31,-0.3,-0.5,-1.7
395121,20,"St. Louis, MO",msa,MO,2023-01-31,0.3,0.4,-0.3
394358,21,"Baltimore, MD",msa,MD,2023-01-31,0.3,0.2,-1.6
394458,22,"Charlotte, NC",msa,NC,2023-01-31,-0.3,-0.5,1.6
394943,23,"Orlando, FL",msa,FL,2023-01-31,-0.4,-0.9,0.1
395055,24,"San Antonio, TX",msa,TX,2023-01-31,-0.3,-0.6,-0.5
394998,25,"Portland, OR",msa,OR,2023-01-31,-0.4,-0.7,-2.3
395045,26,"Sacramento, CA",msa,CA,2023-01-31,-0.8,-1.4,-2.6
394775,27,"Las Vegas, NV",msa,NV,2023-01-31,-1.0,-2.3,-2.5
394982,28,"Pittsburgh, PA",msa,PA,2023-01-31,0.2,0.4,-0.6
394355,29,"Austin, TX",msa,TX,2023-01-31,-1.0,-1.5,-1.0
394466,30,"Cincinnati, OH",msa,OH,2023-01-31,0.2,0.4,0.7
394735,31,"Kansas City, MO",msa,MO,2023-01-31,0.4,0.8,1.1
394492,32,"Columbus, OH",msa,OH,2023-01-31,0.2,0.7,1.6
394705,33,"Indianapolis, IN",msa,IN,2023-01-31,0.0,0.2,1.7
394475,34,"Cleveland, OH",msa,OH,2023-01-31,0.3,0.4,0.0
395059,35,"San Jose, CA",msa,CA,2023-01-31,-1.3,-3.1,-3.5
394902,36,"Nashville, TN",msa,TN,2023-01-31,-0.3,-0.4,1.2
395194,37,"Virginia Beach, VA",msa,VA,2023-01-31,0.1,-0.1,-1.5
395005,38,"Providence, RI",msa,RI,2023-01-31,0.1,0.2,-0.1
394714,39,"Jacksonville, FL",msa,FL,2023-01-31,-0.5,-0.9,1.1
394862,40,"Milwaukee, WI",msa,WI,2023-01-31,0.5,0.7,-0.6
394935,41,"Oklahoma City, OK",msa,OK,2023-01-31,-0.2,-0.8,-1.1
395012,42,"Raleigh, NC",msa,NC,2023-01-31,-0.5,-0.7,0.1
394849,43,"Memphis, TN",msa,TN,2023-01-31,0.1,0.5,2.3
395022,44,"Richmond, VA",msa,VA,2023-01-31,0.2,0.3,0.3
394910,45,"New Orleans, LA",msa,LA,2023-01-31,0.4,1.0,-1.5
394807,46,"Louisville, KY",msa,KY,2023-01-31,0.1,0.0,-0.5
395053,47,"Salt Lake City, UT",msa,UT,2023-01-31,-0.1,0.1,1.2
394669,48,"Hartford, CT",msa,CT,2023-01-31,0.3,0.6,-1.2
394425,49,"Buffalo, NY",msa,NY,2023-01-31,0.1,0.3,0.3
394388,50,"Birmingham, AL",msa,AL,2023-01-31,0.2,0.5,1.1
394640,51,"Grand Rapids, MI",msa,MI,2023-01-31,0.4,1.0,1.7
395031,52,"Rochester, NY",msa,NY,2023-01-31,0.1,0.2,-0.2
395167,53,"Tucson, AZ",msa,AZ,2023-01-31,-0.5,-0.9,1.1
395169,54,"Tulsa, OK",msa,OK,2023-01-31,0.1,0.0,0.9
394619,55,"Fresno, CA",msa,CA,2023-01-31,-0.5,-0.9,-0.7
753924,56,"Urban Honolulu, HI",msa,HI,2023-01-31,-0.7,-1.4,-3.6
394938,57,"Omaha, NE",msa,NE,2023-01-31,0.2,0.5,0.3
395238,58,"Worcester, MA",msa,MA,2023-01-31,0.2,0.3,-0.1
394415,59,"Bridgeport, CT",msa,CT,2023-01-31,0.0,0.1,-1.4
394653,60,"Greenville, SC",msa,SC,2023-01-31,0.2,0.7,1.8
394312,61,"Albuquerque, NM",msa,NM,2023-01-31,0.0,0.1,1.4
394357,62,"Bakersfield, CA",msa,CA,2023-01-31,-0.4,-0.8,-0.4
394308,63,"Albany, NY",msa,NY,2023-01-31,0.1,-0.2,-1.7
394753,64,"Knoxville, TN",msa,TN,2023-01-31,0.6,1.8,4.5
394843,65,"McAllen, TX",msa,TX,2023-01-31,0.0,-0.2,1.2
394367,66,"Baton Rouge, LA",msa,LA,2023-01-31,0.3,0.4,-2.8
753906,67,"North Port, FL",msa,FL,2023-01-31,-0.4,-0.6,1.4
394908,68,"New Haven, CT",msa,CT,2023-01-31,0.2,0.4,-0.3
394486,69,"Columbia, SC",msa,SC,2023-01-31,0.3,0.9,1.8
394318,70,"Allentown, PA",msa,PA,2023-01-31,0.3,0.5,0.8
394561,71,"El Paso, TX",msa,TX,2023-01-31,0.4,0.6,0.7
394952,72,"Oxnard, CA",msa,CA,2023-01-31,-0.7,-1.5,-3.3
394457,73,"Charleston, SC",msa,SC,2023-01-31,0.0,0.0,0.6
394440,75,"Cape Coral, FL",msa,FL,2023-01-31,-0.6,-1.2,0.0
394648,76,"Greensboro, NC",msa,NC,2023-01-31,0.8,1.8,3.0
394399,77,"Boise City, ID",msa,ID,2023-01-31,-0.7,-0.3,2.0
395134,78,"Stockton, CA",msa,CA,2023-01-31,-0.7,-1.2,-1.8
394484,79,"Colorado Springs, CO",msa,CO,2023-01-31,-0.4,-0.7,-0.5
394798,80,"Little Rock, AR",msa,AR,2023-01-31,0.5,0.6,-1.1
394766,81,"Lakeland, FL",msa,FL,2023-01-31,-0.5,-1.1,1.1
394531,82,"Des Moines, IA",msa,IA,2023-01-31,0.0,-0.1,-1.0
394304,83,"Akron, OH",msa,OH,2023-01-31,0.2,0.3,-0.3
395115,84,"Springfield, MA",msa,MA,2023-01-31,0.2,0.1,-1.1
394931,85,"Ogden, UT",msa,UT,2023-01-31,-0.4,-0.5,1.0
394528,86,"Deltona, FL",msa,FL,2023-01-31,-0.4,-0.8,0.7
395235,87,"Winston, NC",msa,NC,2023-01-31,0.4,0.8,2.6
394816,89,"Madison, WI",msa,WI,2023-01-31,0.2,0.3,-0.9
395006,90,"Provo, UT",msa,UT,2023-01-31,-0.3,-0.4,0.4
394549,91,"Durham, NC",msa,NC,2023-01-31,-0.5,-0.6,0.8
395143,92,"Syracuse, NY",msa,NY,2023-01-31,0.2,0.5,0.2
395224,93,"Wichita, KS",msa,KS,2023-01-31,0.7,1.1,1.7
395160,94,"Toledo, OH",msa,OH,2023-01-31,0.3,0.7,-0.4
394352,95,"Augusta, GA",msa,GA,2023-01-31,0.2,0.5,1.6
394957,96,"Palm Bay, FL",msa,FL,2023-01-31,-0.5,-1.0,0.0
394711,97,"Jackson, MS",msa,MS,2023-01-31,0.0,-0.1,-1.1
394666,98,"Harrisburg, PA",msa,PA,2023-01-31,0.2,0.0,-0.9
395113,99,"Spokane, WA",msa,WA,2023-01-31,-0.1,0.6,3.2
394460,100,"Chattanooga, TN",msa,TN,2023-01-31,0.8,1.9,3.4
395075,101,"Scranton, PA",msa,PA,2023-01-31,1.3,3.0,3.0
394871,102,"Modesto, CA",msa,CA,2023-01-31,-0.5,-0.9,-1.7
394590,103,"Fayetteville, AR",msa,AR,2023-01-31,0.2,0.8,2.9
394770,104,"Lansing, MI",msa,MI,2023-01-31,0.4,0.8,0.2
394768,105,"Lancaster, PA",msa,PA,2023-01-31,0.4,0.3,-0.3
394997,106,"Portland, ME",msa,ME,2023-01-31,0.1,0.3,1.6
395245,107,"Youngstown, OH",msa,OH,2023-01-31,0.8,1.6,2.5
394589,108,"Fayetteville, NC",msa,NC,2023-01-31,0.9,1.8,3.0
394792,109,"Lexington, KY",msa,KY,2023-01-31,0.3,0.4,0.4
394898,110,"Myrtle Beach, SC",msa,SC,2023-01-31,-0.2,-0.3,1.8
394971,111,"Pensacola, FL",msa,FL,2023-01-31,0.0,0.2,2.6
394995,112,"Port St. Lucie, FL",msa,FL,2023-01-31,-0.5,-0.9,0.6
395068,113,"Santa Rosa, CA",msa,CA,2023-01-31,-0.5,-1.2,-3.8
394761,114,"Lafayette, LA",msa,LA,2023-01-31,0.5,0.4,-4.5
394698,115,"Huntsville, AL",msa,AL,2023-01-31,0.6,1.4,3.8
395019,116,"Reno, NV",msa,NV,2023-01-31,-0.6,-1.2,-1.7
395116,117,"Springfield, MO",msa,MO,2023-01-31,0.0,-0.1,2.0
395195,118,"Visalia, CA",msa,CA,2023-01-31,-0.6,-1.3,-1.2
394746,119,"Killeen, TX",msa,TX,2023-01-31,0.0,0.0,2.3
394338,120,"Asheville, NC",msa,NC,2023-01-31,0.1,0.3,1.3
395244,121,"York, PA",msa,PA,2023-01-31,0.0,-0.3,-1.2
395183,122,"Vallejo, CA",msa,CA,2023-01-31,-0.5,-1.3,-3.4
753917,123,"Santa Maria, CA",msa,CA,2023-01-31,-0.5,-0.5,0.2
395048,124,"Salem, OR",msa,OR,2023-01-31,-0.2,-0.5,-0.7
395050,125,"Salinas, CA",msa,CA,2023-01-31,-0.6,-0.9,-1.1
394502,126,"Corpus Christi, TX",msa,TX,2023-01-31,0.0,-0.2,-2.0
394870,127,"Mobile, AL",msa,AL,2023-01-31,0.9,1.3,1.5
394421,128,"Brownsville, TX",msa,TX,2023-01-31,1.5,3.0,3.9
395051,129,"Salisbury, MD",msa,DE,2023-01-31,0.1,0.5,1.4
395015,130,"Reading, PA",msa,PA,2023-01-31,0.2,0.4,0.7
394658,131,"Gulfport, MS",msa,MS,2023-01-31,0.6,1.2,1.0
394820,132,"Manchester, NH",msa,NH,2023-01-31,0.2,0.5,0.5
394612,133,"Fort Wayne, IN",msa,IN,2023-01-31,0.2,0.2,0.9
394596,134,"Flint, MI",msa,MI,2023-01-31,0.9,2.4,4.0
394327,135,"Anchorage, AK",msa,AK,2023-01-31,-0.4,-1.4,-4.6
394972,136,"Peoria, IL",msa,IL,2023-01-31,0.1,-0.1,-2.6
394439,137,"Canton, OH",msa,OH,2023-01-31,0.3,0.6,0.0
395070,138,"Savannah, GA",msa,GA,2023-01-31,0.4,1.2,2.8
394901,139,"Naples, FL",msa,FL,2023-01-31,-0.2,-0.5,1.2
395096,140,"Shreveport, LA",msa,LA,2023-01-31,1.3,2.3,-1.6
394372,141,"Beaumont, TX",msa,TX,2023-01-31,1.0,1.5,-0.6
395146,142,"Tallahassee, FL",msa,FL,2023-01-31,0.6,1.2,1.4
394576,143,"Eugene, OR",msa,OR,2023-01-31,-0.1,-0.5,-0.3
394520,144,"Davenport, IA",msa,IL,2023-01-31,0.3,0.3,-2.1
394927,145,"Ocala, FL",msa,FL,2023-01-31,-0.3,-0.4,2.5
394875,146,"Montgomery, AL",msa,AL,2023-01-31,0.5,0.8,-0.2
394679,147,"Hickory, NC",msa,NC,2023-01-31,0.4,1.1,3.7
395164,148,"Trenton, NJ",msa,NJ,2023-01-31,0.8,1.6,0.9
394332,149,"Ann Arbor, MI",msa,MI,2023-01-31,0.1,-0.1,-2.0
394602,150,"Fort Collins, CO",msa,CO,2023-01-31,-0.2,-0.7,-2.1
394697,151,"Huntington, WV",msa,OH,2023-01-31,0.2,0.4,-0.9
394796,152,"Lincoln, NE",msa,NE,2023-01-31,0.2,0.2,-0.8
395033,153,"Rockford, IL",msa,IL,2023-01-31,0.4,1.0,0.1
394645,154,"Greeley, CO",msa,CO,2023-01-31,-0.3,-0.5,-1.1
394622,155,"Gainesville, FL",msa,FL,2023-01-31,-0.1,-0.4,0.5
394405,156,"Boulder, CO",msa,CO,2023-01-31,-0.3,-0.2,-2.1
394808,157,"Lubbock, TX",msa,TX,2023-01-31,-0.1,-0.3,-1.4
395109,158,"Spartanburg, SC",msa,SC,2023-01-31,0.2,0.9,2.7
394646,159,"Green Bay, WI",msa,WI,2023-01-31,0.7,1.2,1.3
395107,160,"South Bend, IN",msa,IN,2023-01-31,0.7,1.6,2.4
394488,161,"Columbus, GA",msa,GA,2023-01-31,0.1,0.0,0.3
394579,162,"Evansville, IN",msa,IN,2023-01-31,0.1,0.1,-0.4
394471,163,"Clarksville, TN",msa,TN,2023-01-31,0.3,0.7,2.2
395028,164,"Roanoke, VA",msa,VA,2023-01-31,0.1,0.2,0.2
394747,165,"Kingsport, TN",msa,TN,2023-01-31,1.2,2.5,3.9
394741,166,"Kennewick, WA",msa,WA,2023-01-31,-0.1,-0.1,0.7
395229,167,"Wilmington, NC",msa,NC,2023-01-31,0.1,0.4,2.0
394937,168,"Olympia, WA",msa,WA,2023-01-31,-0.2,-0.2,0.8
394660,169,"Hagerstown, MD",msa,MD,2023-01-31,0.3,0.5,0.5
753875,170,"Crestview, FL",msa,FL,2023-01-31,-0.3,-0.5,1.7
394543,171,"Duluth, MN",msa,MN,2023-01-31,0.7,1.3,1.0
395179,172,"Utica, NY",msa,NY,2023-01-31,0.4,1.0,1.5
394803,173,"Longview, TX",msa,TX,2023-01-31,0.8,1.2,0.9
395061,174,"San Luis Obispo, CA",msa,CA,2023-01-31,-0.9,-2.1,-3.1
394851,175,"Merced, CA",msa,CA,2023-01-31,-0.6,-1.0,-0.8
394772,176,"Laredo, TX",msa,TX,2023-01-31,0.5,0.6,-1.4
395197,177,"Waco, TX",msa,TX,2023-01-31,-0.1,0.0,2.0
394447,178,"Cedar Rapids, IA",msa,IA,2023-01-31,-0.2,-0.6,-2.3
395103,179,"Sioux Falls, SD",msa,SD,2023-01-31,0.0,0.0,-0.4
394412,180,"Bremerton, WA",msa,WA,2023-01-31,-0.4,-0.7,-0.4
395065,181,"Santa Cruz, CA",msa,CA,2023-01-31,-0.6,-0.4,-0.6
394572,182,"Erie, PA",msa,PA,2023-01-31,0.3,0.3,-0.8
394483,183,"College Station, TX",msa,TX,2023-01-31,0.5,0.4,-1.9
394732,184,"Kalamazoo, MI",msa,MI,2023-01-31,0.4,0.8,1.0
394323,185,"Amarillo, TX",msa,TX,2023-01-31,-0.1,-0.5,-0.9
394924,186,"Norwich, CT",msa,CT,2023-01-31,0.2,0.5,-0.4
394811,187,"Lynchburg, VA",msa,VA,2023-01-31,0.3,0.5,0.3
394348,188,"Atlantic City, NJ",msa,NJ,2023-01-31,0.9,2.1,4.2
394455,189,"Charleston, WV",msa,WV,2023-01-31,0.7,0.9,-1.0
395171,190,"Tuscaloosa, AL",msa,AL,2023-01-31,0.5,0.9,0.5
395240,191,"Yakima, WA",msa,WA,2023-01-31,-0.1,-0.1,1.2
394609,192,"Fort Smith, AR",msa,AR,2023-01-31,0.8,1.7,1.6
394585,193,"Fargo, ND",msa,ND,2023-01-31,0.3,0.2,-2.6
394334,195,"Appleton, WI",msa,WI,2023-01-31,0.7,1.1,0.6
394387,196,"Binghamton, NY",msa,NY,2023-01-31,0.4,0.9,0.3
395174,197,"Tyler, TX",msa,TX,2023-01-31,0.5,0.6,0.5
753895,198,"Lafayette, IN",msa,IN,2023-01-31,0.1,0.3,0.4
394378,199,"Bellingham, WA",msa,WA,2023-01-31,-0.6,-0.7,-0.2
395161,200,"Topeka, KS",msa,KS,2023-01-31,0.4,0.9,2.3
394813,201,"Macon, GA",msa,GA,2023-01-31,0.6,1.4,3.4
394519,202,"Daphne, AL",msa,AL,2023-01-31,-0.1,-0.2,1.7
394681,203,"Hilton Head Island, SC",msa,SC,2023-01-31,0.1,0.6,2.2
394454,204,"Champaign, IL",msa,IL,2023-01-31,0.3,0.1,-2.2
395030,205,"Rochester, MN",msa,MN,2023-01-31,-0.2,-0.4,-1.2
394848,206,"Medford, OR",msa,OR,2023-01-31,-0.5,-1.3,-2.7
394773,207,"Las Cruces, NM",msa,NM,2023-01-31,0.1,-0.2,0.3
394429,208,"Burlington, VT",msa,VT,2023-01-31,0.3,0.6,0.4
394459,209,"Charlottesville, VA",msa,VA,2023-01-31,-0.1,-0.1,-0.7
395247,210,"Yuma, AZ",msa,AZ,2023-01-31,-0.3,-0.4,1.9
394765,212,"Lake Havasu City, AZ",msa,AZ,2023-01-31,-0.6,-1.1,1.5
394346,213,"Athens, GA",msa,GA,2023-01-31,0.4,1.0,3.4
394361,214,"Barnstable Town, MA",msa,MA,2023-01-31,-0.3,-0.6,-0.3
394464,215,"Chico, CA",msa,CA,2023-01-31,-0.7,-1.7,-2.6
394763,216,"Lake Charles, LA",msa,LA,2023-01-31,-0.3,-1.4,-7.2
394485,217,"Columbia, MO",msa,MO,2023-01-31,-0.1,0.0,0.6
394691,218,"Houma, LA",msa,LA,2023-01-31,0.9,1.2,-5.0
394623,219,"Gainesville, GA",msa,GA,2023-01-31,-0.2,-0.3,1.8
394565,220,"Elkhart, IN",msa,IN,2023-01-31,0.1,0.0,-0.1
395114,221,"Springfield, IL",msa,IL,2023-01-31,0.4,0.4,-2.2
394726,222,"Johnson City, TN",msa,TN,2023-01-31,1.2,2.8,4.5
394597,223,"Florence, SC",msa,SC,2023-01-31,0.3,0.9,0.8
394716,224,"Jacksonville, NC",msa,NC,2023-01-31,0.4,0.8,2.4
394680,225,"Hilo, HI",msa,HI,2023-01-31,-0.8,-1.2,-0.4
395118,226,"St. Cloud, MN",msa,MN,2023-01-31,0.1,0.0,-1.0
394380,227,"Bend, OR",msa,OR,2023-01-31,-0.7,-0.7,0.9
394872,228,"Monroe, LA",msa,LA,2023-01-31,-0.9,-2.0,-4.5
395011,229,"Racine, WI",msa,WI,2023-01-31,0.7,1.2,0.9
395009,230,"Punta Gorda, FL",msa,FL,2023-01-31,-0.7,-1.0,1.4
395047,231,"Saginaw, MI",msa,MI,2023-01-31,0.9,2.1,3.8
395202,232,"Warner Robins, GA",msa,GA,2023-01-31,0.4,0.6,1.1
395151,233,"Terre Haute, IN",msa,IN,2023-01-31,0.3,0.6,1.0
395119,234,"St. George, UT",msa,UT,2023-01-31,-0.3,-0.1,0.9
394386,235,"Billings, MT",msa,MT,2023-01-31,0.3,0.4,0.4
394860,236,"Midland, TX",msa,TX,2023-01-31,0.1,0.2,-2.6
394539,237,"Dover, DE",msa,DE,2023-01-31,0.0,0.0,0.4
394651,238,"Greenville, NC",msa,NC,2023-01-31,0.2,0.5,1.7
394406,239,"Bowling Green, KY",msa,KY,2023-01-31,-0.1,-0.3,0.2
394559,240,"El Centro, CA",msa,CA,2023-01-31,0.4,0.5,-0.9
394729,241,"Joplin, MO",msa,MO,2023-01-31,0.5,1.2,3.2
395162,242,"Torrington, CT",msa,CT,2023-01-31,0.2,0.8,0.3
394712,243,"Jackson, TN",msa,TN,2023-01-31,1.3,2.7,3.9
395018,244,"Redding, CA",msa,CA,2023-01-31,-0.6,-1.2,-2.0
394748,245,"Kingston, NY",msa,NY,2023-01-31,-0.3,0.0,1.9
395246,246,"Yuba City, CA",msa,CA,2023-01-31,-0.8,-1.4,-1.7
394707,247,"Iowa City, IA",msa,IA,2023-01-31,0.2,0.0,-1.9
394896,248,"Muskegon, MI",msa,MI,2023-01-31,0.5,1.4,3.3
394299,249,"Abilene, TX",msa,TX,2023-01-31,0.6,0.8,-0.1
394944,250,"Oshkosh, WI",msa,WI,2023-01-31,0.5,1.0,0.5
394428,251,"Burlington, NC",msa,NC,2023-01-31,0.1,0.3,1.8
394960,252,"Panama City, FL",msa,FL,2023-01-31,0.1,0.3,2.7
753869,253,"Bloomington, IL",msa,IL,2023-01-31,0.3,0.4,-1.7
394480,254,"Coeur d'Alene, ID",msa,ID,2023-01-31,-0.2,-0.1,3.0
394553,255,"East Stroudsburg, PA",msa,PA,2023-01-31,0.1,0.6,4.6
394555,256,"Eau Claire, WI",msa,WI,2023-01-31,0.4,0.6,0.5
395007,257,"Pueblo, CO",msa,CO,2023-01-31,-0.3,-0.3,1.5
394671,258,"Hattiesburg, MS",msa,MS,2023-01-31,0.4,0.4,-1.8
394393,259,"Bloomington, IN",msa,IN,2023-01-31,-0.1,-0.1,0.6
395210,260,"Waterloo, IA",msa,IA,2023-01-31,0.4,0.3,-1.4
394731,261,"Kahului, HI",msa,HI,2023-01-31,-0.3,-0.4,0.8
394930,262,"Odessa, TX",msa,TX,2023-01-31,0.5,0.3,-2.0
394392,263,"Blacksburg, VA",msa,VA,2023-01-31,0.3,0.6,1.7
394351,264,"Auburn, AL",msa,AL,2023-01-31,0.2,0.5,0.1
395170,265,"Tupelo, MS",msa,MS,2023-01-31,1.0,1.2,-0.9
395215,266,"Wausau, WI",msa,WI,2023-01-31,0.9,1.1,-0.7
394720,267,"Janesville, WI",msa,WI,2023-01-31,0.7,1.1,1.1
395079,268,"Sebastian, FL",msa,FL,2023-01-31,-0.3,-0.6,1.3
395125,269,"State College, PA",msa,PA,2023-01-31,0.2,-0.1,-1.7
394814,270,"Madera, CA",msa,CA,2023-01-31,-0.4,-1.0,-0.4
394710,271,"Jackson, MI",msa,MI,2023-01-31,0.4,0.9,0.8
394453,272,"Chambersburg, PA",msa,PA,2023-01-31,0.2,0.4,0.0
394639,273,"Grand Junction, CO",msa,CO,2023-01-31,0.0,0.0,0.4
394703,274,"Idaho Falls, ID",msa,ID,2023-01-31,-0.7,-1.4,1.7
394563,275,"Elizabethtown, KY",msa,KY,2023-01-31,0.0,-0.2,-0.5
394917,276,"Niles, MI",msa,MI,2023-01-31,0.4,0.9,1.1
394685,277,"Homosassa Springs, FL",msa,FL,2023-01-31,-0.3,-0.4,2.5
394523,278,"Decatur, AL",msa,AL,2023-01-31,,-0.2,0.1
394662,279,"Hanford, CA",msa,CA,2023-01-31,-0.3,-0.6,-0.5
394493,280,"Concord, NH",msa,NH,2023-01-31,0.0,0.0,1.0
395223,281,"Wichita Falls, TX",msa,TX,2023-01-31,0.3,0.9,2.2
395066,282,"Santa Fe, NM",msa,NM,2023-01-31,-0.4,-0.5,0.2
394359,283,"Bangor, ME",msa,ME,2023-01-31,0.7,1.2,2.9
395163,284,"Traverse City, MI",msa,MI,2023-01-31,0.5,1.6,3.5
394314,285,"Alexandria, LA",msa,LA,2023-01-31,0.6,0.6,-4.5
394873,286,"Monroe, MI",msa,MI,2023-01-31,0.4,0.6,-1.3
394537,287,"Dothan, AL",msa,AL,2023-01-31,1.1,2.0,1.2
394723,288,"Jefferson City, MO",msa,MO,2023-01-31,0.1,0.1,0.1
395152,289,"Texarkana, TX",msa,TX,2023-01-31,1.3,2.5,1.9
394598,290,"Florence, AL",msa,AL,2023-01-31,0.9,1.8,2.3
395182,291,"Valdosta, GA",msa,GA,2023-01-31,0.8,1.5,2.0
394802,292,"London, KY",msa,KY,2023-01-31,1.3,2.6,2.6
395193,293,"Vineland, NJ",msa,NJ,2023-01-31,1.5,3.4,3.8
395036,294,"Rocky Mount, NC",msa,NC,2023-01-31,0.3,0.9,3.3
394306,296,"Albany, GA",msa,GA,2023-01-31,0.2,0.9,2.0
395102,297,"Sioux City, IA",msa,IA,2023-01-31,0.3,0.3,0.1
395013,298,"Rapid City, SD",msa,SD,2023-01-31,0.0,-0.1,0.8
394800,299,"Logan, UT",msa,UT,2023-01-31,-0.3,-0.4,1.7
394880,300,"Morristown, TN",msa,TN,2023-01-31,1.2,2.8,5.1
394515,301,"Dalton, GA",msa,GA,2023-01-31,0.8,1.7,2.8
394595,302,"Flagstaff, AZ",msa,AZ,2023-01-31,-0.5,-0.4,0.9
395232,303,"Winchester, VA",msa,VA,2023-01-31,-0.1,-0.2,-0.7
394783,304,"Lebanon, PA",msa,PA,2023-01-31,0.3,0.1,-0.4
395000,305,"Pottsville, PA",msa,PA,2023-01-31,1.6,3.1,5.3
394879,306,"Morgantown, WV",msa,WV,2023-01-31,-0.2,-0.5,-3.2
395139,307,"Sumter, SC",msa,SC,2023-01-31,0.9,1.9,1.0
395153,308,"The Villages, FL",msa,FL,2023-01-31,-0.7,-1.9,-2.1
395094,309,"Sherman, TX",msa,TX,2023-01-31,0.8,1.9,3.3
395221,310,"Wheeling, WV",msa,OH,2023-01-31,0.3,0.4,-1.6
394756,311,"La Crosse, WI",msa,WI,2023-01-31,0.2,0.2,-0.6
394661,312,"Hammond, LA",msa,LA,2023-01-31,0.7,1.3,-1.9
394900,313,"Napa, CA",msa,CA,2023-01-31,-0.9,-1.4,-3.1
394668,314,"Harrisonburg, VA",msa,VA,2023-01-31,0.8,1.1,0.5
394728,315,"Jonesboro, AR",msa,AR,2023-01-31,0.7,1.0,0.2
394442,316,"Carbondale, IL",msa,IL,2023-01-31,0.9,1.9,-1.2
394577,317,"Eureka, CA",msa,CA,2023-01-31,0.1,0.3,-2.0
395117,318,"Springfield, OH",msa,OH,2023-01-31,0.3,0.5,1.3
394368,319,"Battle Creek, MI",msa,MI,2023-01-31,1.3,2.8,4.1
394307,320,"Albany, OR",msa,OR,2023-01-31,-0.1,-0.2,0.3
394890,321,"Mount Vernon, WA",msa,WA,2023-01-31,-0.3,-0.4,0.2
394821,322,"Manhattan, KS",msa,KS,2023-01-31,0.3,0.1,-1.1
394810,323,"Lumberton, NC",msa,NC,2023-01-31,0.2,1.3,4.6
394390,324,"Bismarck, ND",msa,ND,2023-01-31,-0.2,-1.0,-4.2
394727,325,"Johnstown, PA",msa,PA,2023-01-31,2.4,4.8,3.3
395098,326,"Sierra Vista, AZ",msa,AZ,2023-01-31,0.4,1.1,2.6
394780,327,"Lawton, OK",msa,OK,2023-01-31,0.0,-0.4,-1.7
394719,328,"Jamestown, NY",msa,NY,2023-01-31,0.3,1.0,2.8
394474,329,"Cleveland, TN",msa,TN,2023-01-31,0.7,1.6,3.7
394983,330,"Pittsfield, MA",msa,MA,2023-01-31,0.1,0.3,0.9
394325,331,"Ames, IA",msa,IA,2023-01-31,-0.4,-1.2,-2.8
395128,332,"Staunton, VA",msa,VA,2023-01-31,0.5,1.2,0.4
394633,333,"Glens Falls, NY",msa,NY,2023-01-31,-0.1,-0.2,-0.6
394635,334,"Goldsboro, NC",msa,NC,2023-01-31,1.5,4.0,2.0
394588,335,"Farmington, NM",msa,NM,2023-01-31,0.2,-0.3,-2.8
394905,336,"New Bern, NC",msa,NC,2023-01-31,0.6,1.3,2.4
394353,337,"Augusta, ME",msa,ME,2023-01-31,0.4,1.0,3.5
395054,338,"San Angelo, TX",msa,TX,2023-01-31,0.6,1.5,1.5
395120,339,"St. Joseph, MO",msa,MO,2023-01-31,0.5,0.7,0.7
394778,340,"Lawrence, KS",msa,KS,2023-01-31,-0.1,-0.4,-1.6
394867,341,"Missoula, MT",msa,MT,2023-01-31,-0.1,0.0,1.3
395218,342,"Wenatchee, WA",msa,WA,2023-01-31,-0.3,-0.2,1.1
394321,343,"Altoona, PA",msa,PA,2023-01-31,1.4,2.4,-1.9
394824,344,"Mansfield, OH",msa,OH,2023-01-31,0.5,0.9,1.5
394949,345,"Owensboro, KY",msa,KY,2023-01-31,0.3,0.5,0.8
394423,346,"Brunswick, GA",msa,GA,2023-01-31,0.3,1.0,2.3
753890,347,"Holland, MI",msa,MI,2023-01-31,0.3,0.7,1.0
394407,348,"Bozeman, MT",msa,MT,2023-01-31,-0.2,-0.3,1.5
395237,349,"Wooster, OH",msa,OH,2023-01-31,1.9,3.6,7.0
394495,350,"Cookeville, TN",msa,TN,2023-01-31,1.4,3.3,6.5
395089,351,"Sheboygan, WI",msa,WI,2023-01-31,0.7,1.2,0.2
395217,352,"Weirton, WV",msa,OH,2023-01-31,0.7,1.4,1.8
394374,353,"Beckley, WV",msa,WV,2023-01-31,0.2,0.6,-0.2
753872,354,"California, MD",msa,MD,2023-01-31,0.1,-0.1,-1.9
394333,355,"Anniston, AL",msa,AL,2023-01-31,,-0.3,-1.4
394893,356,"Muncie, IN",msa,IN,2023-01-31,0.4,0.8,2.0
395225,357,"Williamsport, PA",msa,PA,2023-01-31,0.2,-0.3,-2.9
395173,358,"Twin Falls, ID",msa,ID,2023-01-31,-0.8,-1.0,1.8
395095,359,"Show Low, AZ",msa,AZ,2023-01-31,-0.3,-0.3,3.1
394804,360,"Longview, WA",msa,WA,2023-01-31,0.0,0.0,0.6
395039,361,"Roseburg, OR",msa,OR,2023-01-31,-0.4,-0.6,0.2
394857,362,"Michigan City, IN",msa,IN,2023-01-31,0.2,0.5,1.2
394734,363,"Kankakee, IL",msa,IL,2023-01-31,0.6,1.0,-0.5
394788,364,"Lewiston, ME",msa,ME,2023-01-31,0.9,1.9,3.4
395023,365,"Richmond, KY",msa,KY,2023-01-31,0.8,1.6,0.6
395213,366,"Watertown, NY",msa,NY,2023-01-31,-0.1,-0.2,-1.6
394932,367,"Ogdensburg, NY",msa,NY,2023-01-31,0.0,0.1,0.2
395080,368,"Sebring, FL",msa,FL,2023-01-31,-0.1,-0.1,2.6
395168,369,"Tullahoma, TN",msa,TN,2023-01-31,0.9,2.6,6.2
394733,370,"Kalispell, MT",msa,MT,2023-01-31,-0.2,0.2,4.4
394396,371,"Bluefield, WV",msa,VA,2023-01-31,0.3,0.5,0.6
395222,372,"Whitewater, WI",msa,WI,2023-01-31,0.6,1.3,1.9
753912,373,"Pinehurst, NC",msa,NC,2023-01-31,0.0,0.1,2.1
394762,374,"LaGrange, GA",msa,GA,2023-01-31,0.3,0.6,2.0
394524,375,"Decatur, IL",msa,IL,2023-01-31,1.8,3.4,1.2
394599,376,"Fond du Lac, WI",msa,WI,2023-01-31,0.6,1.0,0.8
394630,377,"Gettysburg, PA",msa,PA,2023-01-31,0.2,0.3,-0.8
394823,378,"Mankato, MN",msa,MN,2023-01-31,-0.1,-0.4,-2.1
394369,379,"Bay City, MI",msa,MI,2023-01-31,1.2,2.2,2.2
394620,380,"Gadsden, AL",msa,AL,2023-01-31,,-0.1,0.0
394794,381,"Lima, OH",msa,OH,2023-01-31,0.3,0.5,0.7
753915,382,"Salem, OH",msa,OH,2023-01-31,0.5,1.2,1.0
394709,383,"Ithaca, NY",msa,NY,2023-01-31,-0.2,-0.7,-2.3
394462,384,"Cheyenne, WY",msa,WY,2023-01-31,-0.1,-0.6,-2.7
394637,385,"Grand Forks, ND",msa,MN,2023-01-31,0.0,-0.8,-4.5
394689,386,"Hot Springs, AR",msa,AR,2023-01-31,0.2,0.7,2.9
394518,387,"Danville, VA",msa,VA,2023-01-31,0.6,1.6,2.2
395166,388,"Truckee, CA",msa,CA,2023-01-31,-0.9,-2.0,-3.4
395190,389,"Victoria, TX",msa,TX,2023-01-31,0.3,0.6,-0.5
394882,390,"Moses Lake, WA",msa,WA,2023-01-31,-0.3,-0.2,2.9
395086,391,"Sevierville, TN",msa,TN,2023-01-31,0.4,1.4,7.2
395090,392,"Shelby, NC",msa,NC,2023-01-31,2.6,6.2,10.6
395038,393,"Rome, GA",msa,GA,2023-01-31,0.9,2.2,4.8
394852,394,"Meridian, MS",msa,MS,2023-01-31,1.1,2.4,0.4
394302,395,"Adrian, MI",msa,MI,2023-01-31,0.5,1.0,0.7
394542,396,"Dubuque, IA",msa,IA,2023-01-31,0.0,-0.2,-1.4
394441,397,"Cape Girardeau, MO",msa,MO,2023-01-31,0.1,0.2,0.6
394311,398,"Albertville, AL",msa,AL,2023-01-31,0.9,2.2,4.0
394513,399,"Cumberland, MD",msa,MD,2023-01-31,1.0,2.0,1.8
394340,400,"Ashtabula, OH",msa,OH,2023-01-31,0.2,0.8,1.8
394988,401,"Pocatello, ID",msa,ID,2023-01-31,-0.4,-0.3,2.3
394953,402,"Paducah, KY",msa,KY,2023-01-31,1.6,2.8,1.8
394580,403,"Fairbanks, AK",msa,AK,2023-01-31,0.0,-0.5,-4.3
394410,404,"Brainerd, MN",msa,MN,2023-01-31,-0.2,-0.2,0.8
394501,405,"Corning, NY",msa,NY,2023-01-31,-0.5,-0.6,-0.7
394505,406,"Corvallis, OR",msa,OR,2023-01-31,-0.3,-0.8,-1.5
394469,407,"Clarksburg, WV",msa,WV,2023-01-31,0.5,0.8,-1.6
394911,408,"New Philadelphia, OH",msa,OH,2023-01-31,0.0,-0.3,-0.9
394928,409,"Ocean City, NJ",msa,NJ,2023-01-31,-0.1,-0.1,1.8
395140,410,"Sunbury, PA",msa,PA,2023-01-31,2.8,5.7,4.2
753887,411,"Hermiston, OR",msa,OR,2023-01-31,-0.2,0.0,1.8
394964,412,"Parkersburg, WV",msa,WV,2023-01-31,0.3,0.3,-0.8
394641,413,"Grants Pass, OR",msa,OR,2023-01-31,-0.4,-0.7,-1.4
394373,414,"Beaver Dam, WI",msa,WI,2023-01-31,0.8,1.3,0.4
394809,415,"Lufkin, TX",msa,TX,2023-01-31,0.9,1.8,1.6
394980,416,"Pine Bluff, AR",msa,AR,2023-01-31,3.5,7.0,6.5
395175,417,"Ukiah, CA",msa,CA,2023-01-31,-0.2,-0.5,-3.9
395248,418,"Zanesville, OH",msa,OH,2023-01-31,0.3,0.9,1.3
394925,419,"Oak Harbor, WA",msa,WA,2023-01-31,-0.6,-1.2,-1.1
395042,420,"Russellville, AR",msa,AR,2023-01-31,0.9,1.6,-0.1
394942,421,"Orangeburg, SC",msa,SC,2023-01-31,1.4,2.9,2.4
394907,422,"New Castle, PA",msa,PA,2023-01-31,0.6,1.2,1.4
395212,423,"Watertown, WI",msa,WI,2023-01-31,0.4,0.5,-0.4
394511,424,"Cullman, AL",msa,AL,2023-01-31,1.2,2.7,3.5
394489,425,"Columbus, IN",msa,IN,2023-01-31,0.2,0.1,0.0
394776,426,"Laurel, MS",msa,MS,2023-01-31,1.6,3.0,0.6
394345,427,"Athens, TX",msa,TX,2023-01-31,0.7,1.1,3.2
394847,428,"Meadville, PA",msa,PA,2023-01-31,1.0,2.1,1.2
394704,429,"Indiana, PA",msa,PA,2023-01-31,0.5,1.1,-2.0
394859,430,"Midland, MI",msa,MI,2023-01-31,0.8,1.7,1.9
394682,431,"Hinesville, GA",msa,GA,2023-01-31,0.5,0.6,1.8
394395,432,"Bloomsburg, PA",msa,PA,2023-01-31,1.0,1.6,-0.6
394755,433,"Kokomo, IN",msa,IN,2023-01-31,0.3,0.5,-0.1
394568,434,"Elmira, NY",msa,NY,2023-01-31,0.1,0.0,-0.9
394675,435,"Helena, MT",msa,MT,2023-01-31,0.0,0.4,1.8
394452,436,"Centralia, WA",msa,WA,2023-01-31,-0.3,0.1,3.3
395231,437,"Wilson, NC",msa,NC,2023-01-31,0.4,1.1,3.5
395133,438,"Stillwater, OK",msa,OK,2023-01-31,-0.2,-0.8,-2.4
394941,439,"Opelousas, LA",msa,LA,2023-01-31,2.4,4.2,-0.4
394644,440,"Great Falls, MT",msa,MT,2023-01-31,0.4,0.8,0.8
395126,441,"Statesboro, GA",msa,GA,2023-01-31,0.2,0.3,1.2
394445,442,"Casper, WY",msa,WY,2023-01-31,0.3,0.2,-1.4
395085,443,"Seneca, SC",msa,SC,2023-01-31,-0.1,0.4,3.0
395145,444,"Talladega, AL",msa,AL,2023-01-31,0.8,2.0,2.5
394986,445,"Plattsburgh, NY",msa,NY,2023-01-31,-0.5,-0.9,-1.7
395205,446,"Warsaw, IN",msa,IN,2023-01-31,0.0,0.2,0.5
394822,447,"Manitowoc, WI",msa,WI,2023-01-31,1.0,1.7,2.3
395077,448,"Searcy, AR",msa,AR,2023-01-31,1.2,2.1,1.1
394541,449,"DuBois, PA",msa,PA,2023-01-31,3.0,5.5,3.2
753881,450,"Glenwood Springs, CO",msa,CO,2023-01-31,-0.3,-0.3,2.1
394994,451,"Port Angeles, WA",msa,WA,2023-01-31,-0.3,-0.4,0.8
394674,452,"Heber, UT",msa,UT,2023-01-31,-0.6,-0.8,2.2
394866,453,"Minot, ND",msa,ND,2023-01-31,0.1,-0.6,-4.5
394465,454,"Chillicothe, OH",msa,OH,2023-01-31,0.9,1.8,2.7
394738,455,"Keene, NH",msa,NH,2023-01-31,0.0,0.2,1.6
753893,456,"Jefferson, GA",msa,GA,2023-01-31,0.0,0.3,2.7
394350,457,"Auburn, NY",msa,NY,2023-01-31,0.0,0.1,0.1
394298,458,"Aberdeen, WA",msa,WA,2023-01-31,0.0,0.6,4.1
394936,459,"Olean, NY",msa,NY,2023-01-31,0.0,0.8,2.4
394593,460,"Findlay, OH",msa,OH,2023-01-31,0.1,-0.1,-1.7
394638,461,"Grand Island, NE",msa,NE,2023-01-31,0.2,0.2,-0.4
394516,462,"Danville, IL",msa,IL,2023-01-31,1.9,3.2,0.2
394955,463,"Palatka, FL",msa,FL,2023-01-31,1.3,3.8,8.6
395010,464,"Quincy, IL",msa,IL,2023-01-31,0.7,0.7,-1.8
394999,465,"Portsmouth, OH",msa,OH,2023-01-31,0.1,-0.2,-1.1
394614,466,"Frankfort, KY",msa,KY,2023-01-31,0.4,0.8,0.6
394744,467,"Key West, FL",msa,FL,2023-01-31,-0.5,-0.9,1.3
395062,468,"Sandusky, OH",msa,OH,2023-01-31,0.5,0.8,0.9
395088,469,"Shawnee, OK",msa,OK,2023-01-31,0.1,0.7,2.9
395106,470,"Somerset, PA",msa,PA,2023-01-31,0.3,0.8,0.8
394764,471,"Lake City, FL",msa,FL,2023-01-31,-0.2,-0.2,2.2
753928,472,"Wisconsin Rapids, WI",msa,WI,2023-01-31,1.0,1.5,0.5
394699,473,"Huntsville, TX",msa,TX,2023-01-31,0.2,0.5,1.9
394736,474,"Kapaa, HI",msa,HI,2023-01-31,-0.1,-0.1,0.6
394683,475,"Hobbs, NM",msa,NM,2023-01-31,1.0,0.1,-5.9
394884,476,"Mount Airy, NC",msa,NC,2023-01-31,-0.7,-1.0,-0.3
394655,478,"Greenwood, SC",msa,SC,2023-01-31,0.8,2.3,3.9
395132,479,"Stevens Point, WI",msa,WI,2023-01-31,0.8,1.1,-0.7
394626,480,"Gallup, NM",msa,NM,2023-01-31,0.8,0.9,-1.2
394647,481,"Greeneville, TN",msa,TN,2023-01-31,,0.5,2.9
394877,482,"Morehead City, NC",msa,NC,2023-01-31,0.0,0.2,2.0
394885,483,"Mount Pleasant, MI",msa,MI,2023-01-31,1.2,2.7,2.3
394752,484,"Klamath Falls, OR",msa,OR,2023-01-31,0.1,0.3,2.4
395027,485,"Roanoke Rapids, NC",msa,NC,2023-01-31,1.2,3.6,6.1
395092,486,"Shelton, WA",msa,WA,2023-01-31,-0.3,-0.1,3.0
394922,487,"North Wilkesboro, NC",msa,NC,2023-01-31,0.4,0.9,3.3
394305,488,"Alamogordo, NM",msa,NM,2023-01-31,0.2,0.0,1.4
394897,489,"Muskogee, OK",msa,OK,2023-01-31,0.2,0.3,1.2
394586,490,"Faribault, MN",msa,MN,2023-01-31,0.2,0.2,-1.4
394600,491,"Forest City, NC",msa,NC,2023-01-31,-0.1,0.3,3.7
394587,492,"Farmington, MO",msa,MO,2023-01-31,0.5,1.2,0.7
394829,493,"Marquette, MI",msa,MI,2023-01-31,0.9,2.1,2.6
395021,494,"Richmond, IN",msa,IN,2023-01-31,0.5,0.9,0.2
395105,495,"Somerset, KY",msa,KY,2023-01-31,1.6,4.4,9.6
394343,496,"Athens, OH",msa,OH,2023-01-31,0.0,-0.1,-1.4
394826,497,"Marion, IN",msa,IN,2023-01-31,0.6,1.2,1.5
394827,498,"Marion, OH",msa,OH,2023-01-31,0.7,2.0,3.5
394899,499,"Nacogdoches, TX",msa,TX,2023-01-31,1.7,3.0,2.7
394496,500,"Coos Bay, OR",msa,OR,2023-01-31,-0.3,-0.5,0.8
395040,500,"Roswell, NM",msa,NM,2023-01-31,1.8,3.9,3.5
395016,502,"Red Bluff, CA",msa,CA,2023-01-31,-0.6,-1.0,-1.2
394472,503,"Clearlake, CA",msa,CA,2023-01-31,-0.4,-0.7,-1.3
394360,504,"Baraboo, WI",msa,WI,2023-01-31,0.9,1.5,1.2
395024,505,"Rio Grande City, TX",msa,TX,2023-01-31,,-0.4,-3.1
394540,506,"Dublin, GA",msa,GA,2023-01-31,1.4,2.8,3.1
394787,507,"Lewiston, ID",msa,ID,2023-01-31,-0.3,-0.6,0.7
394629,509,"Georgetown, SC",msa,SC,2023-01-31,-0.2,-0.4,0.8
394309,510,"Albemarle, NC",msa,NC,2023-01-31,0.1,0.5,3.7
394825,512,"Marinette, WI",msa,WI,2023-01-31,1.3,3.0,4.5
394836,513,"Martinsville, VA",msa,VA,2023-01-31,2.7,5.3,5.5
394889,514,"Mount Vernon, OH",msa,OH,2023-01-31,0.3,0.7,1.6
395063,515,"Sanford, NC",msa,NC,2023-01-31,0.6,2.0,4.6
394701,516,"Hutchinson, KS",msa,KS,2023-01-31,0.3,0.7,0.2
394509,517,"Crossville, TN",msa,TN,2023-01-31,0.6,2.0,5.8
394759,518,"Laconia, NH",msa,NH,2023-01-31,-0.3,-0.5,2.5
395199,519,"Walla Walla, WA",msa,WA,2023-01-31,-0.2,-0.3,0.8
394456,520,"Charleston, IL",msa,IL,2023-01-31,1.4,2.7,1.6
394631,521,"Gillette, WY",msa,WY,2023-01-31,-0.3,-1.3,-4.8
394570,522,"Enid, OK",msa,OK,2023-01-31,0.0,-0.3,-4.2
395136,523,"Sturgis, MI",msa,MI,2023-01-31,0.5,1.2,0.9
395071,524,"Sayre, PA",msa,PA,2023-01-31,-0.2,-0.7,-3.2
753903,525,"Marietta, OH",msa,OH,2023-01-31,0.2,0.3,-1.0
395049,526,"Salina, KS",msa,KS,2023-01-31,-0.1,-0.4,-1.3
394693,527,"Hudson, NY",msa,NY,2023-01-31,-0.2,0.4,2.5
395124,528,"Starkville, MS",msa,MS,2023-01-31,0.3,0.0,-2.3
394432,529,"Calhoun, GA",msa,GA,2023-01-31,0.2,0.6,3.1
394591,530,"Fergus Falls, MN",msa,MN,2023-01-31,0.6,1.5,2.3
394939,531,"Oneonta, NY",msa,NY,2023-01-31,0.1,0.1,-0.9
394336,532,"Ardmore, OK",msa,OK,2023-01-31,-0.5,-0.8,-0.1
394443,533,"Carlsbad, NM",msa,NM,2023-01-31,-1.0,-2.8,-4.6
394551,534,"Eagle Pass, TX",msa,TX,2023-01-31,0.5,0.6,-2.9
394618,535,"Fremont, OH",msa,OH,2023-01-31,0.1,0.0,-0.6
394362,536,"Barre, VT",msa,VT,2023-01-31,1.0,2.0,1.6
394592,537,"Fernley, NV",msa,NV,2023-01-31,-0.8,-1.7,-2.2
394490,538,"Columbus, MS",msa,MS,2023-01-31,1.5,2.7,0.9
753877,539,"Cullowhee, NC",msa,NC,2023-01-31,0.0,0.6,3.5
394923,540,"Norwalk, OH",msa,OH,2023-01-31,0.0,-0.1,-1.5
394956,541,"Palestine, TX",msa,TX,2023-01-31,0.4,0.9,1.3
395044,542,"Rutland, VT",msa,VT,2023-01-31,1.0,1.8,1.7
394605,543,"Fort Madison, IA",msa,IA,2023-01-31,0.4,0.9,-1.4
394621,544,"Gaffney, SC",msa,SC,2023-01-31,2.8,5.8,6.5
394365,545,"Batavia, NY",msa,NY,2023-01-31,-0.2,-0.3,-0.7
394446,546,"Cedar City, UT",msa,UT,2023-01-31,-0.1,0.0,2.1
394737,547,"Kearney, NE",msa,NE,2023-01-31,0.3,0.3,-1.0
394547,548,"Durango, CO",msa,CO,2023-01-31,-0.5,-1.2,-0.7
394402,549,"Boone, NC",msa,NC,2023-01-31,-0.3,-0.1,3.1
394989,550,"Point Pleasant, WV",msa,OH,2023-01-31,0.3,0.9,0.9
394411,551,"Branson, MO",msa,MO,2023-01-31,0.0,0.2,3.2
394444,552,"Carson City, NV",msa,NV,2023-01-31,-0.8,-1.7,-2.6
394582,553,"Fairmont, WV",msa,WV,2023-01-31,0.8,1.6,0.5
394977,554,"Picayune, MS",msa,MS,2023-01-31,1.0,1.4,-1.1
394940,555,"Ontario, OR",msa,OR,2023-01-31,-0.8,-1.2,4.6
394750,556,"Kinston, NC",msa,NC,2023-01-31,0.4,1.2,4.3
394993,557,"Poplar Bluff, MO",msa,MO,2023-01-31,1.0,1.4,-0.5
395122,558,"St. Marys, GA",msa,GA,2023-01-31,0.0,-0.1,0.7
395216,559,"Waycross, GA",msa,GA,2023-01-31,1.2,2.6,4.6
394366,560,"Batesville, AR",msa,AR,2023-01-31,2.1,3.8,2.2
394566,561,"Elko, NV",msa,NV,2023-01-31,-0.2,-1.0,-2.6
395157,562,"Tiffin, OH",msa,OH,2023-01-31,0.2,0.5,-0.2
394556,563,"Edwards, CO",msa,CO,2023-01-31,-0.4,-0.8,3.5
394721,564,"Jasper, IN",msa,IN,2023-01-31,0.2,0.3,-0.4
394517,565,"Danville, KY",msa,KY,2023-01-31,0.9,1.7,3.2
395131,566,"Sterling, IL",msa,IL,2023-01-31,0.9,1.7,-0.6
753920,567,"Sonora, CA",msa,CA,2023-01-31,-1.1,-2.5,-4.3
394951,568,"Oxford, MS",msa,MS,2023-01-31,0.3,0.4,-1.3
394632,569,"Glasgow, KY",msa,KY,2023-01-31,1.1,2.0,2.0
394967,570,"Payson, AZ",msa,AZ,2023-01-31,0.0,0.4,3.1
395204,571,"Warrensburg, MO",msa,MO,2023-01-31,0.6,0.9,1.2
394344,572,"Athens, TN",msa,TN,2023-01-31,1.3,3.0,5.8
394562,573,"Elizabeth City, NC",msa,NC,2023-01-31,0.4,0.9,1.2
394861,574,"Milledgeville, GA",msa,GA,2023-01-31,0.5,1.6,3.6
395020,575,"Rexburg, ID",msa,ID,2023-01-31,-0.8,-0.8,3.1
394339,576,"Ashland, OH",msa,OH,2023-01-31,0.1,0.4,1.1
394571,577,"Enterprise, AL",msa,AL,2023-01-31,0.8,1.0,-0.5
394717,578,"Jacksonville, TX",msa,TX,2023-01-31,0.2,0.8,3.1
394742,579,"Kerrville, TX",msa,TX,2023-01-31,-0.1,-0.3,0.5
394634,580,"Gloversville, NY",msa,NY,2023-01-31,-0.1,0.1,0.7
394604,581,"Fort Leonard Wood, MO",msa,MO,2023-01-31,0.9,1.7,0.9
394363,582,"Bartlesville, OK",msa,OK,2023-01-31,0.5,0.7,0.8
394538,583,"Douglas, GA",msa,GA,2023-01-31,0.9,1.6,2.3
395073,584,"Scottsboro, AL",msa,AL,2023-01-31,,-0.2,0.2
394316,585,"Alice, TX",msa,TX,2023-01-31,2.7,4.7,-0.6
394652,586,"Greenville, OH",msa,OH,2023-01-31,0.1,0.2,0.5
394985,587,"Platteville, WI",msa,WI,2023-01-31,0.6,0.8,0.1
394503,589,"Corsicana, TX",msa,TX,2023-01-31,1.3,3.3,5.8
753905,590,"Newport, OR",msa,OR,2023-01-31,-0.2,-0.2,2.4
395234,591,"Winona, MN",msa,MN,2023-01-31,-0.2,-0.7,-2.1
394933,592,"Oil City, PA",msa,PA,2023-01-31,0.2,0.7,0.9
395029,593,"Rochelle, IL",msa,IL,2023-01-31,0.5,0.7,-1.2
395091,594,"Shelbyville, TN",msa,TN,2023-01-31,0.5,1.2,3.8
394819,595,"Malone, NY",msa,NY,2023-01-31,0.2,0.9,2.1
394963,596,"Paris, TX",msa,TX,2023-01-31,1.4,2.6,3.5
395008,597,"Pullman, WA",msa,WA,2023-01-31,0.1,0.4,2.2
394838,598,"Mason City, IA",msa,IA,2023-01-31,-0.6,-1.2,0.1
394567,599,"Ellensburg, WA",msa,WA,2023-01-31,-0.4,-0.6,1.4
394903,600,"Natchez, MS",msa,LA,2023-01-31,2.2,4.5,2.9
394326,601,"Amsterdam, NY",msa,NY,2023-01-31,-0.1,0.2,1.2
394628,602,"Gardnerville Ranchos, NV",msa,NV,2023-01-31,-0.3,-0.2,0.9
394625,603,"Galesburg, IL",msa,IL,2023-01-31,0.5,1.0,-0.2
394527,604,"Del Rio, TX",msa,TX,2023-01-31,1.7,3.2,3.1
395144,605,"Tahlequah, OK",msa,OK,2023-01-31,0.3,0.9,3.1
394548,606,"Durant, OK",msa,OK,2023-01-31,0.1,0.5,2.2
753911,607,"Ozark, AL",msa,AL,2023-01-31,1.7,3.1,3.0
394431,608,"Cadillac, MI",msa,MI,2023-01-31,2.3,6.2,10.8
394478,609,"Clovis, NM",msa,NM,2023-01-31,0.3,0.0,-3.2
395097,610,"Sidney, OH",msa,OH,2023-01-31,0.0,-0.1,-0.7
394878,611,"Morgan City, LA",msa,LA,2023-01-31,2.8,4.5,-1.0
394876,612,"Montrose, CO",msa,CO,2023-01-31,-0.4,-0.9,0.1
394954,613,"Pahrump, NV",msa,NV,2023-01-31,-0.5,-0.2,3.6
394906,614,"New Castle, IN",msa,IN,2023-01-31,0.6,1.6,3.4
394608,615,"Fort Polk South, LA",msa,LA,2023-01-31,1.3,2.3,-0.9
394919,616,"Norfolk, NE",msa,NE,2023-01-31,0.0,-0.3,-1.5
394437,617,"Ca-¦on City, CO",msa,CO,2023-01-31,0.0,0.2,1.8
394739,618,"Kendallville, IN",msa,IN,2023-01-31,0.2,0.6,1.1
394379,619,"Bemidji, MN",msa,MN,2023-01-31,0.2,0.2,-0.2
394391,620,"Blackfoot, ID",msa,ID,2023-01-31,-0.6,-0.5,3.1
394504,621,"Cortland, NY",msa,NY,2023-01-31,-0.3,-0.9,-1.9
394887,622,"Mount Sterling, KY",msa,KY,2023-01-31,1.1,2.3,1.5
395208,623,"Washington, NC",msa,NC,2023-01-31,0.2,0.7,2.3
753916,624,"Sandpoint, ID",msa,ID,2023-01-31,-1.4,-2.3,1.6
394918,625,"Nogales, AZ",msa,AZ,2023-01-31,-0.2,-0.2,2.1
395043,626,"Ruston, LA",msa,LA,2023-01-31,0.0,-0.5,-3.7
753865,627,"Bardstown, KY",msa,KY,2023-01-31,0.1,0.5,1.1
394477,628,"Clinton, IA",msa,IA,2023-01-31,0.1,0.4,-0.2
395017,629,"Red Wing, MN",msa,MN,2023-01-31,0.2,0.2,-1.3
394987,630,"Plymouth, IN",msa,IN,2023-01-31,0.2,0.4,1.1
394789,631,"Lewistown, PA",msa,PA,2023-01-31,1.1,2.4,2.8
394500,632,"Cornelia, GA",msa,GA,2023-01-31,-0.1,0.1,2.3
394886,633,"Mount Pleasant, TX",msa,TX,2023-01-31,1.4,3.8,4.6
753904,634,"Marion, NC",msa,NC,2023-01-31,0.2,0.6,2.7
394398,635,"Bogalusa, LA",msa,LA,2023-01-31,3.5,6.9,4.3
395201,636,"Wapakoneta, OH",msa,OH,2023-01-31,0.1,-0.2,-1.2
753889,637,"Hillsdale, MI",msa,MI,2023-01-31,0.9,1.8,2.2
394961,638,"Paragould, AR",msa,AR,2023-01-31,0.9,1.8,1.6
394883,639,"Moultrie, GA",msa,GA,2023-01-31,1.5,3.1,2.4
394375,640,"Bedford, IN",msa,IN,2023-01-31,0.0,0.6,2.8
394426,641,"Burley, ID",msa,ID,2023-01-31,-0.7,-1.1,1.8
394850,642,"Menomonie, WI",msa,WI,2023-01-31,0.4,0.5,0.3
753918,643,"Shawano, WI",msa,WI,2023-01-31,1.2,2.1,2.2
394377,644,"Bellefontaine, OH",msa,OH,2023-01-31,0.2,0.6,0.5
394427,646,"Burlington, IA",msa,IA,2023-01-31,0.2,0.3,-2.4
394667,647,"Harrison, AR",msa,AR,2023-01-31,0.1,0.4,1.3
395189,648,"Vicksburg, MS",msa,MS,2023-01-31,1.3,2.6,-1.5
394677,649,"Henderson, NC",msa,NC,2023-01-31,2.6,6.4,9.1
394817,650,"Madisonville, KY",msa,KY,2023-01-31,0.6,1.1,1.3
394695,651,"Huntingdon, PA",msa,PA,2023-01-31,0.1,0.4,-0.4
394779,652,"Lawrenceburg, TN",msa,TN,2023-01-31,1.3,3.3,6.9
395037,653,"Rolla, MO",msa,MO,2023-01-31,0.4,1.1,1.0
395155,654,"Thomasville, GA",msa,GA,2023-01-31,0.8,1.5,1.7
395034,655,"Rockingham, NC",msa,NC,2023-01-31,3.6,7.1,8.3
394785,656,"Lewisburg, PA",msa,PA,2023-01-31,0.3,0.2,-1.1
395087,657,"Seymour, IN",msa,IN,2023-01-31,0.1,0.0,-0.5
394384,658,"Big Rapids, MI",msa,MI,2023-01-31,1.6,3.5,4.4
394616,659,"Freeport, IL",msa,IL,2023-01-31,0.8,2.1,3.0
394842,660,"McAlester, OK",msa,OK,2023-01-31,-0.3,-0.3,0.4
394349,661,"Auburn, IN",msa,IN,2023-01-31,0.0,-0.1,-0.4
394482,662,"Coldwater, MI",msa,MI,2023-01-31,1.4,2.8,3.4
394990,663,"Ponca City, OK",msa,OK,2023-01-31,0.4,1.1,1.7
395129,664,"Stephenville, TX",msa,TX,2023-01-31,0.7,2.0,4.4
395228,665,"Willmar, MN",msa,MN,2023-01-31,0.6,1.0,0.8
394545,666,"Duncan, OK",msa,OK,2023-01-31,0.5,1.0,1.1
394448,667,"Cedartown, GA",msa,GA,2023-01-31,0.0,0.8,5.8
394650,668,"Greenville, MS",msa,MS,2023-01-31,5.2,11.3,1.2
394476,669,"Clewiston, FL",msa,FL,2023-01-31,-0.1,0.0,3.7
395032,670,"Rock Springs, WY",msa,WY,2023-01-31,0.3,-0.1,-3.7
394297,671,"Aberdeen, SD",msa,SD,2023-01-31,0.4,0.8,-0.4
395081,672,"Sedalia, MO",msa,MO,2023-01-31,0.4,1.2,2.4
394895,673,"Muscatine, IA",msa,IA,2023-01-31,0.2,0.1,-1.1
394934,674,"Okeechobee, FL",msa,FL,2023-01-31,-0.1,0.2,3.1
394891,675,"Mountain Home, AR",msa,AR,2023-01-31,0.6,1.4,1.1
395230,676,"Wilmington, OH",msa,OH,2023-01-31,0.3,0.7,1.1
394558,677,"El Campo, TX",msa,TX,2023-01-31,0.3,0.9,-0.9
394845,678,"McMinnville, TN",msa,TN,2023-01-31,1.6,3.8,7.9
394624,679,"Gainesville, TX",msa,TX,2023-01-31,1.2,3.1,4.8
394424,680,"Bucyrus, OH",msa,OH,2023-01-31,0.3,0.6,2.0
394449,681,"Celina, OH",msa,OH,2023-01-31,0.3,0.4,0.6
753866,682,"Big Stone Gap, VA",msa,VA,2023-01-31,-0.3,-0.8,-2.2
394881,683,"Moscow, ID",msa,ID,2023-01-31,-0.5,-0.6,1.1
395158,684,"Tifton, GA",msa,GA,2023-01-31,0.7,1.0,0.3
394341,685,"Astoria, OR",msa,OR,2023-01-31,-0.2,0.1,1.7
394409,686,"Bradford, PA",msa,PA,2023-01-31,2.0,4.0,1.1
395082,687,"Selinsgrove, PA",msa,PA,2023-01-31,1.4,2.4,0.4
394319,688,"Alma, MI",msa,MI,2023-01-31,2.4,5.1,5.8
395219,689,"West Plains, MO",msa,MO,2023-01-31,0.7,1.9,4.4
394354,690,"Austin, MN",msa,MN,2023-01-31,0.0,0.4,1.3
394397,691,"Blytheville, AR",msa,AR,2023-01-31,-1.0,-1.4,-0.7
394627,692,"Garden City, KS",msa,KS,2023-01-31,0.2,0.1,-0.5
394833,693,"Marshalltown, IA",msa,IA,2023-01-31,0.1,0.7,1.1
395026,694,"Riverton, WY",msa,WY,2023-01-31,0.1,0.3,0.5
394894,695,"Murray, KY",msa,KY,2023-01-31,0.9,2.9,11.0
395046,696,"Safford, AZ",msa,AZ,2023-01-31,0.4,0.8,1.6
394844,697,"McComb, MS",msa,MS,2023-01-31,1.0,1.3,-3.1
395178,698,"Urbana, OH",msa,OH,2023-01-31,0.2,0.5,1.2
394771,699,"Laramie, WY",msa,WY,2023-01-31,0.1,-0.1,-1.0
395203,700,"Warren, PA",msa,PA,2023-01-31,-0.8,-1.4,-1.6
394434,701,"Cambridge, OH",msa,OH,2023-01-31,1.7,3.3,3.6
394981,702,"Pittsburg, KS",msa,KS,2023-01-31,0.2,0.3,1.2
394663,703,"Hannibal, MO",msa,MO,2023-01-31,0.7,1.2,0.9
395227,704,"Williston, ND",msa,ND,2023-01-31,-0.1,-0.5,-3.3
394574,705,"Espa-¦ola, NM",msa,NM,2023-01-31,1.8,2.9,3.4
394335,706,"Arcadia, FL",msa,FL,2023-01-31,-0.8,-1.0,2.2
394914,707,"Newberry, SC",msa,SC,2023-01-31,,0.1,0.5
394300,708,"Ada, OK",msa,OK,2023-01-31,0.9,1.7,4.2
394507,709,"Crawfordsville, IN",msa,IN,2023-01-31,0.2,0.5,1.7
394715,710,"Jacksonville, IL",msa,IL,2023-01-31,1.5,2.3,-2.2
394315,711,"Alexandria, MN",msa,MN,2023-01-31,0.1,0.1,-0.8
395099,712,"Sikeston, MO",msa,MO,2023-01-31,0.7,0.8,-2.0
394560,713,"El Dorado, AR",msa,AR,2023-01-31,1.3,1.8,-1.3
394799,714,"Lock Haven, PA",msa,PA,2023-01-31,-0.1,-0.7,-3.0
394522,716,"DeRidder, LA",msa,LA,2023-01-31,0.0,-1.2,-4.9
394526,717,"Defiance, OH",msa,OH,2023-01-31,0.3,0.4,-1.1
394904,718,"Natchitoches, LA",msa,LA,2023-01-31,1.0,1.6,-2.2
394422,719,"Brownwood, TX",msa,TX,2023-01-31,0.2,0.4,0.3
394654,720,"Greenwood, MS",msa,MS,2023-01-31,1.0,2.9,3.3
394745,721,"Kill Devil Hills, NC",msa,NC,2023-01-31,-0.2,-0.5,1.3
394801,722,"Logansport, IN",msa,IN,2023-01-31,0.4,1.2,2.6
395072,723,"Scottsbluff, NE",msa,NE,2023-01-31,0.1,-0.1,-1.6
394690,724,"Houghton, MI",msa,MI,2023-01-31,1.8,3.7,3.4
394888,725,"Mount Vernon, IL",msa,IL,2023-01-31,2.2,3.0,0.4
395137,726,"Sulphur Springs, TX",msa,TX,2023-01-31,0.8,2.2,3.7
394451,727,"Centralia, IL",msa,IL,2023-01-31,0.4,1.4,-0.2
394554,728,"Easton, MD",msa,MD,2023-01-31,-0.1,-0.2,-1.4
395069,729,"Sault Ste. Marie, MI",msa,MI,2023-01-31,1.5,2.7,3.4
394499,730,"Corinth, MS",msa,MS,2023-01-31,0.8,1.3,-1.0
394840,731,"Mayfield, KY",msa,KY,2023-01-31,1.0,2.5,4.4
394370,732,"Bay City, TX",msa,TX,2023-01-31,0.4,0.4,-2.6
394436,733,"Campbellsville, KY",msa,KY,2023-01-31,0.7,1.5,2.8
394550,734,"Dyersburg, TN",msa,TN,2023-01-31,1.0,1.8,0.3
394948,735,"Owatonna, MN",msa,MN,2023-01-31,0.1,0.3,-0.2
394385,736,"Big Spring, TX",msa,TX,2023-01-31,2.0,3.1,-0.6
395192,737,"Vincennes, IN",msa,IN,2023-01-31,0.5,1.5,1.4
394506,738,"Coshocton, OH",msa,OH,2023-01-31,0.3,0.8,1.5
394696,739,"Huntington, IN",msa,IN,2023-01-31,0.2,0.4,0.6
394915,741,"Newport, TN",msa,TN,2023-01-31,,0.2,2.1
394617,742,"Fremont, NE",msa,NE,2023-01-31,0.1,0.2,0.3
395083,743,"Selma, AL",msa,AL,2023-01-31,2.8,4.9,1.0
394713,744,"Jackson, WY",msa,WY,2023-01-31,0.1,0.6,6.4
395191,745,"Vidalia, GA",msa,GA,2023-01-31,1.1,2.6,2.8
395187,746,"Vernal, UT",msa,UT,2023-01-31,0.3,0.4,1.7
394781,749,"Lebanon, MO",msa,MO,2023-01-31,0.6,1.1,2.5
394525,750,"Decatur, IN",msa,IN,2023-01-31,0.3,0.6,-0.1
394413,751,"Brenham, TX",msa,TX,2023-01-31,-0.1,0.1,0.2
394702,752,"Hutchinson, MN",msa,MN,2023-01-31,0.3,0.7,-0.4
394569,753,"Emporia, KS",msa,KS,2023-01-31,0.6,1.3,2.3
394573,754,"Escanaba, MI",msa,MI,2023-01-31,1.5,3.3,2.6
394419,755,"Brookings, SD",msa,SD,2023-01-31,0.2,0.1,-0.8
394920,756,"North Platte, NE",msa,NE,2023-01-31,-0.1,-0.8,-3.0
394992,757,"Pontiac, IL",msa,IL,2023-01-31,0.8,1.3,-0.1
394382,758,"Bennington, VT",msa,VT,2023-01-31,0.7,1.6,2.1
394973,759,"Peru, IN",msa,IN,2023-01-31,0.7,2.0,2.6
394430,760,"Butte, MT",msa,MT,2023-01-31,0.7,1.9,4.3
394786,761,"Lewisburg, TN",msa,TN,2023-01-31,0.6,1.9,5.2
394947,762,"Ottumwa, IA",msa,IA,2023-01-31,0.4,1.2,2.1
394331,763,"Angola, IN",msa,IN,2023-01-31,-0.2,-0.2,0.6
394777,764,"Laurinburg, NC",msa,NC,2023-01-31,0.5,2.2,4.9
394414,766,"Brevard, NC",msa,NC,2023-01-31,0.0,0.5,3.6
394324,767,"Americus, GA",msa,GA,2023-01-31,-0.5,-0.8,0.6
395211,768,"Watertown, SD",msa,SD,2023-01-31,-0.5,-1.4,-1.9
394557,769,"Effingham, IL",msa,IL,2023-01-31,0.7,1.2,-0.4
395084,770,"Seneca Falls, NY",msa,NY,2023-01-31,-0.2,-0.1,0.2
394417,771,"Brookhaven, MS",msa,MS,2023-01-31,2.3,4.5,2.1
753902,772,"Malvern, AR",msa,AR,2023-01-31,,-0.1,-1.5
394535,773,"Dixon, IL",msa,IL,2023-01-31,0.8,1.9,-0.1
395207,774,"Washington, IN",msa,IN,2023-01-31,0.4,0.9,1.6
753878,775,"Dayton, TN",msa,TN,2023-01-31,1.1,3.0,5.3
394491,776,"Columbus, NE",msa,NE,2023-01-31,0.1,-0.2,-1.3
394835,777,"Martin, TN",msa,TN,2023-01-31,1.0,2.2,3.2
394536,779,"Dodge City, KS",msa,KS,2023-01-31,-0.2,-0.5,-1.0
394533,780,"Dickinson, ND",msa,ND,2023-01-31,-0.1,-1.1,-6.0
395165,781,"Troy, AL",msa,AL,2023-01-31,0.5,0.8,-2.0
394984,782,"Plainview, TX",msa,TX,2023-01-31,0.8,1.3,-0.3
395149,783,"Taos, NM",msa,NM,2023-01-31,0.2,0.1,0.3
394376,784,"Beeville, TX",msa,TX,2023-01-31,2.0,3.6,1.1
753892,785,"Jackson, OH",msa,OH,2023-01-31,0.3,0.6,-0.3
394613,786,"Frankfort, IN",msa,IN,2023-01-31,0.4,1.3,2.6
394815,787,"Madison, IN",msa,IN,2023-01-31,0.6,1.3,1.5
395150,788,"Taylorville, IL",msa,IL,2023-01-31,0.9,1.4,-2.4
394962,789,"Paris, TN",msa,TN,2023-01-31,0.7,1.7,3.0
394433,790,"Cambridge, MD",msa,MD,2023-01-31,0.8,1.6,2.3
394730,791,"Juneau, AK",msa,AK,2023-01-31,-0.4,-1.2,-4.7
394774,793,"Las Vegas, NM",msa,NM,2023-01-31,3.2,6.4,6.1
394481,794,"Coffeyville, KS",msa,KS,2023-01-31,0.3,0.6,1.7
394670,795,"Hastings, NE",msa,NE,2023-01-31,-0.2,-0.7,-2.0
394383,797,"Berlin, NH",msa,NH,2023-01-31,0.3,1.1,4.5
394855,798,"Miami, OK",msa,OK,2023-01-31,0.0,-0.5,0.5
395093,799,"Sheridan, WY",msa,WY,2023-01-31,-0.2,-0.3,-0.4
395196,800,"Wabash, IN",msa,IN,2023-01-31,0.4,0.8,0.4
394749,801,"Kingsville, TX",msa,TX,2023-01-31,0.9,1.9,-1.1
753871,802,"Breckenridge, CO",msa,CO,2023-01-31,-1.7,-2.8,-2.0
394310,804,"Albert Lea, MN",msa,MN,2023-01-31,0.5,1.2,1.2
394473,805,"Cleveland, MS",msa,MS,2023-01-31,2.4,5.1,-1.1
395176,806,"Union City, TN",msa,TN,2023-01-31,1.0,2.3,2.7
394725,807,"Jesup, GA",msa,GA,2023-01-31,1.6,3.7,5.1
395141,808,"Susanville, CA",msa,CA,2023-01-31,-0.5,-1.2,-3.2
394751,809,"Kirksville, MO",msa,MO,2023-01-31,0.2,-0.2,-1.7
394708,811,"Iron Mountain, MI",msa,MI,2023-01-31,2.2,4.0,3.5
394864,813,"Mineral Wells, TX",msa,TX,2023-01-31,1.4,3.0,6.9
394812,814,"Macomb, IL",msa,IL,2023-01-31,0.5,0.4,-2.8
753901,815,"Ludington, MI",msa,MI,2023-01-31,1.5,2.8,3.0
394606,816,"Fort Morgan, CO",msa,CO,2023-01-31,-0.4,-0.6,0.5
394740,817,"Kennett, MO",msa,MO,2023-01-31,1.0,1.2,-2.1
394673,818,"Hays, KS",msa,KS,2023-01-31,0.5,0.6,1.5
753926,819,"Weatherford, OK",msa,OK,2023-01-31,-0.1,-1.1,-2.1
395206,820,"Washington Court House, OH",msa,OH,2023-01-31,0.5,0.9,0.7
394846,821,"McPherson, KS",msa,KS,2023-01-31,0.5,0.7,0.6
753879,822,"Elkins, WV",msa,WV,2023-01-31,0.0,-0.5,-3.7
394795,823,"Lincoln, IL",msa,IL,2023-01-31,1.6,2.8,-0.8
394435,824,"Camden, AR",msa,AR,2023-01-31,2.3,4.2,2.9
394320,825,"Alpena, MI",msa,MI,2023-01-31,2.6,5.2,5.9
395185,826,"Van Wert, OH",msa,OH,2023-01-31,0.2,0.3,0.6
394508,828,"Crescent City, CA",msa,CA,2023-01-31,0.2,0.4,-2.2
394921,829,"North Vernon, IN",msa,IN,2023-01-31,0.2,0.7,1.4
394892,830,"Mountain Home, ID",msa,ID,2023-01-31,0.5,1.7,7.1
395100,831,"Silver City, NM",msa,NM,2023-01-31,1.3,2.8,1.5
394615,833,"Fredericksburg, TX",msa,TX,2023-01-31,0.7,1.4,2.3
395214,835,"Wauchula, FL",msa,FL,2023-01-31,-0.3,-0.2,2.7
395181,836,"Uvalde, TX",msa,TX,2023-01-31,2.4,4.6,2.6
394649,837,"Greensburg, IN",msa,IN,2023-01-31,0.1,0.6,0.9
394758,838,"La Grande, OR",msa,OR,2023-01-31,-0.2,-0.5,-0.2
395154,839,"Thomaston, GA",msa,GA,2023-01-31,0.2,1.4,6.9
394356,840,"Bainbridge, GA",msa,GA,2023-01-31,1.1,2.7,4.4
753923,841,"The Dalles, OR",msa,OR,2023-01-31,-0.3,-0.3,1.1
394642,842,"Grants, NM",msa,NM,2023-01-31,0.3,0.5,0.3
395110,843,"Spearfish, SD",msa,SD,2023-01-31,0.1,0.9,1.5
395159,844,"Toccoa, GA",msa,GA,2023-01-31,0.1,1.1,6.0
753909,845,"Ottawa, KS",msa,KS,2023-01-31,-0.3,-0.1,2.3
394643,846,"Great Bend, KS",msa,KS,2023-01-31,-0.7,-1.2,1.9
394381,847,"Bennettsville, SC",msa,SC,2023-01-31,3.9,8.5,7.3
753921,848,"Steamboat Springs, CO",msa,CO,2023-01-31,-0.8,-0.9,3.7
394791,849,"Lexington, NE",msa,NE,2023-01-31,0.3,0.3,-0.7
394858,850,"Middlesborough, KY",msa,KY,2023-01-31,3.2,7.7,6.0
394584,851,"Fallon, NV",msa,NV,2023-01-31,-0.9,-1.9,-0.6
394830,852,"Marshall, MN",msa,MN,2023-01-31,0.6,0.5,-2.6
395004,853,"Prineville, OR",msa,OR,2023-01-31,-0.3,-0.2,1.8
394912,854,"New Ulm, MN",msa,MN,2023-01-31,0.1,0.0,-1.8
395138,855,"Summerville, GA",msa,GA,2023-01-31,2.1,5.3,10.2
394854,856,"Mexico, MO",msa,MO,2023-01-31,0.8,1.6,2.2
394706,857,"Indianola, MS",msa,MS,2023-01-31,1.1,2.3,-0.5
394601,858,"Forrest City, AR",msa,AR,2023-01-31,2.4,3.8,0.1
753884,859,"Hailey, ID",msa,ID,2023-01-31,-1.0,-1.2,2.5
394869,860,"Moberly, MO",msa,MO,2023-01-31,0.2,0.6,0.9
394322,861,"Altus, OK",msa,OK,2023-01-31,0.3,1.4,1.9
394529,862,"Deming, NM",msa,NM,2023-01-31,0.8,1.3,0.3
395236,865,"Woodward, OK",msa,OK,2023-01-31,-0.6,-1.4,-4.0
394818,866,"Magnolia, AR",msa,AR,2023-01-31,0.0,0.0,-4.3
394418,867,"Brookings, OR",msa,OR,2023-01-31,-0.3,-0.1,0.6
394868,868,"Mitchell, SD",msa,SD,2023-01-31,0.4,0.7,-0.4
394687,869,"Hood River, OR",msa,OR,2023-01-31,-0.2,0.0,0.6
394784,870,"Levelland, TX",msa,TX,2023-01-31,1.1,1.7,-0.6
394494,871,"Connersville, IN",msa,IN,2023-01-31,0.4,1.0,2.8
394831,872,"Marshall, MO",msa,MO,2023-01-31,1.9,2.0,3.9
395241,873,"Yankton, SD",msa,SD,2023-01-31,0.0,-0.4,-2.3
394959,874,"Pampa, TX",msa,TX,2023-01-31,1.6,2.6,-0.5
394945,875,"Oskaloosa, IA",msa,IA,2023-01-31,-0.5,-0.5,-0.7
395198,876,"Wahpeton, ND",msa,ND,2023-01-31,0.0,-0.4,-1.3
394337,877,"Arkadelphia, AR",msa,AR,2023-01-31,1.7,3.1,2.3
394498,878,"Cordele, GA",msa,GA,2023-01-31,-0.4,-0.4,0.6
395130,879,"Sterling, CO",msa,CO,2023-01-31,-0.3,-0.4,1.6
394837,880,"Maryville, MO",msa,MO,2023-01-31,0.8,1.8,5.0
394470,881,"Clarksdale, MS",msa,MS,2023-01-31,0.5,1.2,1.0
394564,882,"Elk City, OK",msa,OK,2023-01-31,0.2,-0.3,-4.0
394371,883,"Beatrice, NE",msa,NE,2023-01-31,-0.1,-0.4,-1.1
395239,884,"Worthington, MN",msa,MN,2023-01-31,1.7,3.0,2.6
395014,885,"Raymondville, TX",msa,TX,2023-01-31,,-0.3,-4.2
394793,886,"Liberal, KS",msa,KS,2023-01-31,-0.3,-1.1,-3.2
753914,887,"Port Lavaca, TX",msa,TX,2023-01-31,0.7,1.1,0.0
395003,888,"Price, UT",msa,UT,2023-01-31,0.8,1.7,4.5
394403,889,"Borger, TX",msa,TX,2023-01-31,2.1,3.2,0.8
394544,890,"Dumas, TX",msa,TX,2023-01-31,0.6,0.9,-2.0
394656,891,"Grenada, MS",msa,MS,2023-01-31,0.2,0.8,-0.7
394700,892,"Huron, SD",msa,SD,2023-01-31,0.1,0.4,-0.4
394718,892,"Jamestown, ND",msa,ND,2023-01-31,0.1,0.1,-3.8
394979,894,"Pierre, SD",msa,SD,2023-01-31,0.0,0.0,-1.4
394578,896,"Evanston, WY",msa,WY,2023-01-31,-0.1,-0.2,0.2
753908,897,"Othello, WA",msa,WA,2023-01-31,-0.1,-0.3,1.4
394659,898,"Guymon, OK",msa,OK,2023-01-31,0.1,0.7,-0.2
395135,901,"Storm Lake, IA",msa,IA,2023-01-31,-0.1,-0.1,-0.6
394965,902,"Parsons, KS",msa,KS,2023-01-31,-0.5,-0.1,5.4
394805,904,"Los Alamos, NM",msa,NM,2023-01-31,-0.1,-0.1,0.6
394330,906,"Andrews, TX",msa,TX,2023-01-31,0.3,0.7,-1.6
394996,907,"Portales, NM",msa,NM,2023-01-31,0.6,1.2,-0.7
753880,908,"Fairfield, IA",msa,IA,2023-01-31,-0.4,-0.7,-1.5
394678,909,"Hereford, TX",msa,TX,2023-01-31,1.3,3.0,4.6
395112,910,"Spirit Lake, IA",msa,IA,2023-01-31,-1.0,-1.7,-2.9
753925,911,"Vineyard Haven, MA",msa,MA,2023-01-31,0.1,0.5,3.6
394676,912,"Helena, AR",msa,AR,2023-01-31,2.0,4.3,0.2
394841,913,"Maysville, KY",msa,KY,2023-01-31,1.2,2.4,4.3
753927,915,"Winnemucca, NV",msa,NV,2023-01-31,-0.3,-0.6,-0.8
395104,916,"Snyder, TX",msa,TX,2023-01-31,1.2,2.2,-2.0
394594,917,"Fitzgerald, GA",msa,GA,2023-01-31,-0.7,-0.7,2.1
394968,918,"Pecos, TX",msa,TX,2023-01-31,4.4,10.6,8.7
394342,919,"Atchison, KS",msa,KS,2023-01-31,0.1,0.9,10.3
395111,920,"Spencer, IA",msa,IA,2023-01-31,-0.4,-1.2,-2.4
395142,921,"Sweetwater, TX",msa,TX,2023-01-31,1.9,3.4,1.0
395186,922,"Vermillion, SD",msa,SD,2023-01-31,0.6,0.8,0.0
753929,923,"Zapata, TX",msa,TX,2023-01-31,3.0,5.5,1.4
394743,924,"Ketchikan, AK",msa,AK,2023-01-31,-0.3,-1.0,-2.7
753874,925,"Craig, CO",msa,CO,2023-01-31,0.4,0.7,1.4
394767,926,"Lamesa, TX",msa,TX,2023-01-31,,-0.8,-4.7
395188,927,"Vernon, TX",msa,TX,2023-01-31,,-0.1,-1.6
